n,sort,time
2500,SHS,0.00049
5000,SHS,0.00126
7500,SHS,0.00212
10000,SHS,0.00318
12500,SHS,0.00441
15000,SHS,0.00561
17500,SHS,0.00712
20000,SHS,0.00866
22500,SHS,0.01003
25000,SHS,0.01172
27500,SHS,0.0137
30000,SHS,0.0152
32500,SHS,0.01696
35000,SHS,0.01899
37500,SHS,0.02108
40000,SHS,0.02364
42500,SHS,0.02562
45000,SHS,0.02773
47500,SHS,0.02999
50000,SHS,0.03189
